{
	"Austria":0.542337509741025,
	"Belgium":0.6298439942003483,
	"Bulgaria":0.629335355018758,
	"Croatia":0.6320496066207314,
	"Cyprus":0.5492472353081296,
	"Czechia":0.5683870076020624,
	"Denmark":0.577158778423721,
	"Estonia":0.5990398023711281,
	"Finland":0.6188552658520007,
	"France":0.6084228691721688,
	"Germany":0.9999999999999999,
	"Greece":0.6152362029642867,
	"Hungary":0.6193973655764062,
	"Ireland":0.5855133736294346,
	"Italy":0.49977809150168345,
	"Latvia":0.5761042482782107,
	"Lithuania":0.5323742114586343,
	"Luxembourg":0.43554015620836084,
	"Malta":0.5579028384302248,
	"Netherlands":0.4710113000712991,
	"Poland":0.5065073417676513,
	"Portugal":0.6085329817187405,
	"Romania":0.6166840498069346,
	"Slovakia":0.537387042439924,
	"Slovenia":0.6008704418639803,
	"Spain":0.6040758855583603,
	"Sweden":0.5710313509377956
}
